[
  {
    "model": "question.questiontitle",
    "pk": 1,
    "fields": {
      "title": "漢字読み1",
      "about": "漢字が表示されるので、正しい読み仮名を書いてください。"
    }
  },
  {
    "model": "question.questiontitle",
    "pk": 2,
    "fields": {
      "title": "漢字読み2",
      "about": "漢字が表示されるので、正しい読み仮名を書いてください。"
    }
  },
  {
    "model": "question.questiontitle",
    "pk": 3,
    "fields": {
      "title": "漢字読み3",
      "about": "漢字が表示されるので、正しい読み仮名を書いてください。"
    }
  },
  {
    "model": "question.question",
    "pk": 1,
    "fields": {
      "experiment_number": 1,
      "title": 1,
      "number": 1,
      "question": "逼迫",
      "correct": "ひっぱく"
    }
  },
  {
    "model": "question.question",
    "pk": 2,
    "fields": {
      "experiment_number": 1,
      "title": 1,
      "number": 2,
      "question": "言質",
      "correct": "げんち"
    }
  },
  {
    "model": "question.question",
    "pk": 3,
    "fields": {
      "experiment_number": 1,
      "title": 1,
      "number": 3,
      "question": "所謂",
      "correct": "いわゆる"
    }
  },
  {
    "model": "question.question",
    "pk": 4,
    "fields": {
      "experiment_number": 1,
      "title": 1,
      "number": 4,
      "question": "市井",
      "correct": "しせい"
    }
  },
  {
    "model": "question.question",
    "pk": 5,
    "fields": {
      "experiment_number": 1,
      "title": 1,
      "number": 5,
      "question": "忽ち",
      "correct": "たちまち"
    }
  },
  {
    "model": "question.question",
    "pk": 6,
    "fields": {
      "experiment_number": 1,
      "title": 1,
      "number": 6,
      "question": "強ち",
      "correct": "あながち"
    }
  },
  {
    "model": "question.question",
    "pk": 7,
    "fields": {
      "experiment_number": 1,
      "title": 1,
      "number": 7,
      "question": "心太",
      "correct": "ところてん"
    }
  },
  {
    "model": "question.question",
    "pk": 8,
    "fields": {
      "experiment_number": 1,
      "title": 1,
      "number": 8,
      "question": "牛蒡",
      "correct": "ごぼう"
    }
  },
  {
    "model": "question.question",
    "pk": 9,
    "fields": {
      "experiment_number": 1,
      "title": 1,
      "number": 9,
      "question": "饂飩",
      "correct": "うどん"
    }
  },
  {
    "model": "question.question",
    "pk": 10,
    "fields": {
      "experiment_number": 1,
      "title": 1,
      "number": 10,
      "question": "章魚",
      "correct": "たこ"
    }
  },
  {
    "model": "question.question",
    "pk": 11,
    "fields": {
      "experiment_number": 2,
      "title": 2,
      "number": 1,
      "question": "逼迫",
      "correct": "ひっぱく"
    }
  },
  {
    "model": "question.question",
    "pk": 12,
    "fields": {
      "experiment_number": 2,
      "title": 2,
      "number": 2,
      "question": "言質",
      "correct": "げんち"
    }
  },
  {
    "model": "question.question",
    "pk": 13,
    "fields": {
      "experiment_number": 2,
      "title": 2,
      "number": 3,
      "question": "所謂",
      "correct": "いわゆる"
    }
  },
  {
    "model": "question.question",
    "pk": 14,
    "fields": {
      "experiment_number": 2,
      "title": 2,
      "number": 4,
      "question": "市井",
      "correct": "しせい"
    }
  },
  {
    "model": "question.question",
    "pk": 15,
    "fields": {
      "experiment_number": 2,
      "title": 2,
      "number": 5,
      "question": "忽ち",
      "correct": "たちまち"
    }
  },
  {
    "model": "question.question",
    "pk": 16,
    "fields": {
      "experiment_number": 2,
      "title": 2,
      "number": 6,
      "question": "強ち",
      "correct": "あながち"
    }
  },
  {
    "model": "question.question",
    "pk": 17,
    "fields": {
      "experiment_number": 2,
      "title": 2,
      "number": 7,
      "question": "心太",
      "correct": "ところてん"
    }
  },
  {
    "model": "question.question",
    "pk": 18,
    "fields": {
      "experiment_number": 2,
      "title": 2,
      "number": 8,
      "question": "牛蒡",
      "correct": "ごぼう"
    }
  },
  {
    "model": "question.question",
    "pk": 19,
    "fields": {
      "experiment_number": 2,
      "title": 2,
      "number": 9,
      "question": "饂飩",
      "correct": "うどん"
    }
  },
  {
    "model": "question.question",
    "pk": 20,
    "fields": {
      "experiment_number": 2,
      "title": 2,
      "number": 10,
      "question": "章魚",
      "correct": "たこ"
    }
  },
  {
    "model": "question.question",
    "pk": 21,
    "fields": {
      "experiment_number": 3,
      "title": 3,
      "number": 1,
      "question": "逼迫",
      "correct": "ひっぱく"
    }
  },
  {
    "model": "question.question",
    "pk": 22,
    "fields": {
      "experiment_number": 3,
      "title": 3,
      "number": 2,
      "question": "言質",
      "correct": "げんち"
    }
  },
  {
    "model": "question.question",
    "pk": 23,
    "fields": {
      "experiment_number": 3,
      "title": 3,
      "number": 3,
      "question": "所謂",
      "correct": "いわゆる"
    }
  },
  {
    "model": "question.question",
    "pk": 24,
    "fields": {
      "experiment_number": 3,
      "title": 3,
      "number": 4,
      "question": "市井",
      "correct": "しせい"
    }
  },
  {
    "model": "question.question",
    "pk": 25,
    "fields": {
      "experiment_number": 3,
      "title": 3,
      "number": 5,
      "question": "忽ち",
      "correct": "たちまち"
    }
  },
  {
    "model": "question.question",
    "pk": 26,
    "fields": {
      "experiment_number": 3,
      "title": 3,
      "number": 6,
      "question": "強ち",
      "correct": "あながち"
    }
  },
  {
    "model": "question.question",
    "pk": 27,
    "fields": {
      "experiment_number": 3,
      "title": 3,
      "number": 7,
      "question": "心太",
      "correct": "ところてん"
    }
  },
  {
    "model": "question.question",
    "pk": 28,
    "fields": {
      "experiment_number": 3,
      "title": 3,
      "number": 8,
      "question": "牛蒡",
      "correct": "ごぼう"
    }
  },
  {
    "model": "question.question",
    "pk": 29,
    "fields": {
      "experiment_number": 3,
      "title": 3,
      "number": 9,
      "question": "饂飩",
      "correct": "うどん"
    }
  },
  {
    "model": "question.question",
    "pk": 30,
    "fields": {
      "experiment_number": 3,
      "title": 3,
      "number": 10,
      "question": "章魚",
      "correct": "たこ"
    }
  },
  {
    "model": "question.data",
    "pk": 1,
    "fields": {
      "period": 100,
      "experiment_number": 1,
      "user": "test1",
      "judge": 0,
      "time": 10,
      "question_number": 1,
      "correct": "ひっぱく",
      "answer": "テスト"
    }
  },
  {
    "model": "question.data",
    "pk": 2,
    "fields": {
      "period": 100,
      "experiment_number": 1,
      "user": "test1",
      "judge": 0,
      "time": 10,
      "question_number": 2,
      "correct": "げんち",
      "answer": "テスト"
    }
  },
  {
    "model": "question.data",
    "pk": 3,
    "fields": {
      "period": 100,
      "experiment_number": 1,
      "user": "test1",
      "judge": 0,
      "time": 10,
      "question_number": 3,
      "correct": "いわゆる",
      "answer": "テスト"
    }
  },
  {
    "model": "question.data",
    "pk": 4,
    "fields": {
      "period": 100,
      "experiment_number": 1,
      "user": "test1",
      "judge": 0,
      "time": 10,
      "question_number": 4,
      "correct": "しせい",
      "answer": "テスト"
    }
  },
  {
    "model": "question.data",
    "pk": 5,
    "fields": {
      "period": 100,
      "experiment_number": 1,
      "user": "test1",
      "judge": 1,
      "time": 10,
      "question_number": 5,
      "correct": "たちまち",
      "answer": "たちまち"
    }
  },
  {
    "model": "question.data",
    "pk": 6,
    "fields": {
      "period": 100,
      "experiment_number": 1,
      "user": "test1",
      "judge": 0,
      "time": 10,
      "question_number": 6,
      "correct": "あながち",
      "answer": "テスト"
    }
  },
  {
    "model": "question.data",
    "pk": 7,
    "fields": {
      "period": 100,
      "experiment_number": 1,
      "user": "test1",
      "judge": 0,
      "time": 10,
      "question_number": 7,
      "correct": "ところてん",
      "answer": "テスト"
    }
  },
  {
    "model": "question.data",
    "pk": 8,
    "fields": {
      "period": 100,
      "experiment_number": 1,
      "user": "test1",
      "judge": 0,
      "time": 10,
      "question_number": 8,
      "correct": "ごぼう",
      "answer": "テスト"
    }
  },
  {
    "model": "question.data",
    "pk": 9,
    "fields": {
      "period": 100,
      "experiment_number": 1,
      "user": "test1",
      "judge": 0,
      "time": 10,
      "question_number": 9,
      "correct": "うどん",
      "answer": "テスト"
    }
  },
  {
    "model": "question.data",
    "pk": 10,
    "fields": {
      "period": 100,
      "experiment_number": 1,
      "user": "test1",
      "judge": 0,
      "time": 10,
      "question_number": 10,
      "correct": "たこ",
      "answer": "テスト"
    }
  },
  {
    "model": "question.data",
    "pk": 11,
    "fields": {
      "period": 100,
      "experiment_number": 1,
      "user": "test2",
      "judge": 0,
      "time": 10,
      "question_number": 1,
      "correct": "ひっぱく",
      "answer": "テスト"
    }
  },
  {
    "model": "question.data",
    "pk": 12,
    "fields": {
      "period": 100,
      "experiment_number": 1,
      "user": "test2",
      "judge": 0,
      "time": 10,
      "question_number": 2,
      "correct": "げんち",
      "answer": "テスト"
    }
  },
  {
    "model": "question.data",
    "pk": 13,
    "fields": {
      "period": 100,
      "experiment_number": 1,
      "user": "test2",
      "judge": 0,
      "time": 10,
      "question_number": 3,
      "correct": "いわゆる",
      "answer": "テスト"
    }
  },
  {
    "model": "question.data",
    "pk": 14,
    "fields": {
      "period": 100,
      "experiment_number": 1,
      "user": "test2",
      "judge": 0,
      "time": 10,
      "question_number": 4,
      "correct": "しせい",
      "answer": "テスト"
    }
  },
  {
    "model": "question.data",
    "pk": 15,
    "fields": {
      "period": 100,
      "experiment_number": 1,
      "user": "test2",
      "judge": 0,
      "time": 10,
      "question_number": 5,
      "correct": "たちまち",
      "answer": "テスト"
    }
  },
  {
    "model": "question.data",
    "pk": 16,
    "fields": {
      "period": 100,
      "experiment_number": 1,
      "user": "test2",
      "judge": 0,
      "time": 10,
      "question_number": 6,
      "correct": "あながち",
      "answer": "テスト"
    }
  },
  {
    "model": "question.data",
    "pk": 17,
    "fields": {
      "period": 100,
      "experiment_number": 1,
      "user": "test2",
      "judge": 0,
      "time": 10,
      "question_number": 7,
      "correct": "ところてん",
      "answer": "テスト"
    }
  },
  {
    "model": "question.data",
    "pk": 18,
    "fields": {
      "period": 100,
      "experiment_number": 1,
      "user": "test2",
      "judge": 0,
      "time": 10,
      "question_number": 8,
      "correct": "ごぼう",
      "answer": "テスト"
    }
  },
  {
    "model": "question.data",
    "pk": 19,
    "fields": {
      "period": 100,
      "experiment_number": 1,
      "user": "test2",
      "judge": 1,
      "time": 10,
      "question_number": 9,
      "correct": "うどん",
      "answer": "うどん"
    }
  },
  {
    "model": "question.data",
    "pk": 20,
    "fields": {
      "period": 100,
      "experiment_number": 1,
      "user": "test2",
      "judge": 1,
      "time": 10,
      "question_number": 10,
      "correct": "たこ",
      "answer": "たこ"
    }
  },
  {
    "model": "question.data",
    "pk": 21,
    "fields": {
      "period": 100,
      "experiment_number": 1,
      "user": "test3",
      "judge": 0,
      "time": 10,
      "question_number": 1,
      "correct": "ひっぱく",
      "answer": "テスト"
    }
  },
  {
    "model": "question.data",
    "pk": 22,
    "fields": {
      "period": 100,
      "experiment_number": 1,
      "user": "test3",
      "judge": 0,
      "time": 10,
      "question_number": 2,
      "correct": "げんち",
      "answer": "テスト"
    }
  },
  {
    "model": "question.data",
    "pk": 23,
    "fields": {
      "period": 100,
      "experiment_number": 1,
      "user": "test3",
      "judge": 0,
      "time": 10,
      "question_number": 3,
      "correct": "いわゆる",
      "answer": "テスト"
    }
  },
  {
    "model": "question.data",
    "pk": 24,
    "fields": {
      "period": 100,
      "experiment_number": 1,
      "user": "test3",
      "judge": 0,
      "time": 10,
      "question_number": 4,
      "correct": "しせい",
      "answer": "テスト"
    }
  },
  {
    "model": "question.data",
    "pk": 25,
    "fields": {
      "period": 100,
      "experiment_number": 1,
      "user": "test3",
      "judge": 0,
      "time": 10,
      "question_number": 5,
      "correct": "たちまち",
      "answer": "テスト"
    }
  },
  {
    "model": "question.data",
    "pk": 26,
    "fields": {
      "period": 100,
      "experiment_number": 1,
      "user": "test3",
      "judge": 0,
      "time": 10,
      "question_number": 6,
      "correct": "あながち",
      "answer": "テスト"
    }
  },
  {
    "model": "question.data",
    "pk": 27,
    "fields": {
      "period": 100,
      "experiment_number": 1,
      "user": "test3",
      "judge": 1,
      "time": 10,
      "question_number": 7,
      "correct": "ところてん",
      "answer": "ところてん"
    }
  },
  {
    "model": "question.data",
    "pk": 28,
    "fields": {
      "period": 100,
      "experiment_number": 1,
      "user": "test3",
      "judge": 0,
      "time": 10,
      "question_number": 8,
      "correct": "ごぼう",
      "answer": "テスト"
    }
  },
  {
    "model": "question.data",
    "pk": 29,
    "fields": {
      "period": 100,
      "experiment_number": 1,
      "user": "test3",
      "judge": 0,
      "time": 10,
      "question_number": 9,
      "correct": "うどん",
      "answer": "テスト"
    }
  },
  {
    "model": "question.data",
    "pk": 30,
    "fields": {
      "period": 100,
      "experiment_number": 1,
      "user": "test3",
      "judge": 0,
      "time": 10,
      "question_number": 10,
      "correct": "たこ",
      "answer": "テスト"
    }
  },
  {
    "model": "question.data",
    "pk": 31,
    "fields": {
      "period": 100,
      "experiment_number": 2,
      "user": "test1",
      "judge": 1,
      "time": 5,
      "question_number": 1,
      "correct": "ひっぱく",
      "answer": "ひっぱく"
    }
  },
  {
    "model": "question.data",
    "pk": 32,
    "fields": {
      "period": 100,
      "experiment_number": 2,
      "user": "test1",
      "judge": 0,
      "time": 5,
      "question_number": 2,
      "correct": "げんち",
      "answer": "テスト"
    }
  },
  {
    "model": "question.data",
    "pk": 33,
    "fields": {
      "period": 100,
      "experiment_number": 2,
      "user": "test1",
      "judge": 1,
      "time": 5,
      "question_number": 3,
      "correct": "いわゆる",
      "answer": "いわゆる"
    }
  },
  {
    "model": "question.data",
    "pk": 34,
    "fields": {
      "period": 100,
      "experiment_number": 2,
      "user": "test1",
      "judge": 0,
      "time": 5,
      "question_number": 4,
      "correct": "しせい",
      "answer": "テスト"
    }
  },
  {
    "model": "question.data",
    "pk": 35,
    "fields": {
      "period": 100,
      "experiment_number": 2,
      "user": "test1",
      "judge": 1,
      "time": 5,
      "question_number": 5,
      "correct": "たちまち",
      "answer": "たちまち"
    }
  },
  {
    "model": "question.data",
    "pk": 36,
    "fields": {
      "period": 100,
      "experiment_number": 2,
      "user": "test1",
      "judge": 0,
      "time": 5,
      "question_number": 6,
      "correct": "あながち",
      "answer": "テスト"
    }
  },
  {
    "model": "question.data",
    "pk": 37,
    "fields": {
      "period": 100,
      "experiment_number": 2,
      "user": "test1",
      "judge": 1,
      "time": 5,
      "question_number": 7,
      "correct": "ところてん",
      "answer": "ところてん"
    }
  },
  {
    "model": "question.data",
    "pk": 38,
    "fields": {
      "period": 100,
      "experiment_number": 2,
      "user": "test1",
      "judge": 0,
      "time": 5,
      "question_number": 8,
      "correct": "ごぼう",
      "answer": "テスト"
    }
  },
  {
    "model": "question.data",
    "pk": 39,
    "fields": {
      "period": 100,
      "experiment_number": 2,
      "user": "test1",
      "judge": 1,
      "time": 5,
      "question_number": 9,
      "correct": "うどん",
      "answer": "うどん"
    }
  },
  {
    "model": "question.data",
    "pk": 40,
    "fields": {
      "period": 100,
      "experiment_number": 2,
      "user": "test1",
      "judge": 0,
      "time": 5,
      "question_number": 10,
      "correct": "たこ",
      "answer": "テスト"
    }
  },
  {
    "model": "question.data",
    "pk": 41,
    "fields": {
      "period": 100,
      "experiment_number": 2,
      "user": "test2",
      "judge": 1,
      "time": 5,
      "question_number": 1,
      "correct": "ひっぱく",
      "answer": "ひっぱく"
    }
  },
  {
    "model": "question.data",
    "pk": 42,
    "fields": {
      "period": 100,
      "experiment_number": 2,
      "user": "test2",
      "judge": 1,
      "time": 5,
      "question_number": 2,
      "correct": "げんち",
      "answer": "げんち"
    }
  },
  {
    "model": "question.data",
    "pk": 43,
    "fields": {
      "period": 100,
      "experiment_number": 2,
      "user": "test2",
      "judge": 0,
      "time": 5,
      "question_number": 3,
      "correct": "いわゆる",
      "answer": "テスト"
    }
  },
  {
    "model": "question.data",
    "pk": 44,
    "fields": {
      "period": 100,
      "experiment_number": 2,
      "user": "test2",
      "judge": 1,
      "time": 5,
      "question_number": 4,
      "correct": "しせい",
      "answer": "しせい"
    }
  },
  {
    "model": "question.data",
    "pk": 45,
    "fields": {
      "period": 100,
      "experiment_number": 2,
      "user": "test2",
      "judge": 0,
      "time": 5,
      "question_number": 5,
      "correct": "たちまち",
      "answer": "テスト"
    }
  },
  {
    "model": "question.data",
    "pk": 46,
    "fields": {
      "period": 100,
      "experiment_number": 2,
      "user": "test2",
      "judge": 1,
      "time": 5,
      "question_number": 6,
      "correct": "あながち",
      "answer": "あながち"
    }
  },
  {
    "model": "question.data",
    "pk": 47,
    "fields": {
      "period": 100,
      "experiment_number": 2,
      "user": "test2",
      "judge": 0,
      "time": 5,
      "question_number": 7,
      "correct": "ところてん",
      "answer": "テスト"
    }
  },
  {
    "model": "question.data",
    "pk": 48,
    "fields": {
      "period": 100,
      "experiment_number": 2,
      "user": "test2",
      "judge": 1,
      "time": 5,
      "question_number": 8,
      "correct": "ごぼう",
      "answer": "ごぼう"
    }
  },
  {
    "model": "question.data",
    "pk": 49,
    "fields": {
      "period": 100,
      "experiment_number": 2,
      "user": "test2",
      "judge": 1,
      "time": 5,
      "question_number": 9,
      "correct": "うどん",
      "answer": "うどん"
    }
  },
  {
    "model": "question.data",
    "pk": 50,
    "fields": {
      "period": 100,
      "experiment_number": 2,
      "user": "test2",
      "judge": 0,
      "time": 5,
      "question_number": 10,
      "correct": "たこ",
      "answer": "テスト"
    }
  },
  {
    "model": "question.data",
    "pk": 51,
    "fields": {
      "period": 100,
      "experiment_number": 2,
      "user": "test3",
      "judge": 1,
      "time": 5,
      "question_number": 1,
      "correct": "ひっぱく",
      "answer": "ひっぱく"
    }
  },
  {
    "model": "question.data",
    "pk": 52,
    "fields": {
      "period": 100,
      "experiment_number": 2,
      "user": "test3",
      "judge": 1,
      "time": 5,
      "question_number": 2,
      "correct": "げんち",
      "answer": "げんち"
    }
  },
  {
    "model": "question.data",
    "pk": 53,
    "fields": {
      "period": 100,
      "experiment_number": 2,
      "user": "test3",
      "judge": 1,
      "time": 5,
      "question_number": 3,
      "correct": "いわゆる",
      "answer": "いわゆる"
    }
  },
  {
    "model": "question.data",
    "pk": 54,
    "fields": {
      "period": 100,
      "experiment_number": 2,
      "user": "test3",
      "judge": 0,
      "time": 5,
      "question_number": 4,
      "correct": "しせい",
      "answer": "テスト"
    }
  },
  {
    "model": "question.data",
    "pk": 55,
    "fields": {
      "period": 100,
      "experiment_number": 2,
      "user": "test3",
      "judge": 1,
      "time": 5,
      "question_number": 5,
      "correct": "たちまち",
      "answer": "たちまち"
    }
  },
  {
    "model": "question.data",
    "pk": 56,
    "fields": {
      "period": 100,
      "experiment_number": 2,
      "user": "test3",
      "judge": 0,
      "time": 5,
      "question_number": 6,
      "correct": "あながち",
      "answer": "テスト"
    }
  },
  {
    "model": "question.data",
    "pk": 57,
    "fields": {
      "period": 100,
      "experiment_number": 2,
      "user": "test3",
      "judge": 0,
      "time": 5,
      "question_number": 7,
      "correct": "ところてん",
      "answer": "テスト"
    }
  },
  {
    "model": "question.data",
    "pk": 58,
    "fields": {
      "period": 100,
      "experiment_number": 2,
      "user": "test3",
      "judge": 0,
      "time": 5,
      "question_number": 8,
      "correct": "ごぼう",
      "answer": "テスト"
    }
  },
  {
    "model": "question.data",
    "pk": 59,
    "fields": {
      "period": 100,
      "experiment_number": 2,
      "user": "test3",
      "judge": 1,
      "time": 5,
      "question_number": 9,
      "correct": "うどん",
      "answer": "うどん"
    }
  },
  {
    "model": "question.data",
    "pk": 60,
    "fields": {
      "period": 100,
      "experiment_number": 2,
      "user": "test3",
      "judge": 0,
      "time": 5,
      "question_number": 10,
      "correct": "たこ",
      "answer": "テスト"
    }
  },
  {
    "model": "question.data",
    "pk": 61,
    "fields": {
      "period": 100,
      "experiment_number": 3,
      "user": "test1",
      "judge": 1,
      "time": 3,
      "question_number": 1,
      "correct": "ひっぱく",
      "answer": "ひっぱく"
    }
  },
  {
    "model": "question.data",
    "pk": 62,
    "fields": {
      "period": 100,
      "experiment_number": 3,
      "user": "test1",
      "judge": 1,
      "time": 3,
      "question_number": 2,
      "correct": "げんち",
      "answer": "げんち"
    }
  },
  {
    "model": "question.data",
    "pk": 63,
    "fields": {
      "period": 100,
      "experiment_number": 3,
      "user": "test1",
      "judge": 1,
      "time": 3,
      "question_number": 3,
      "correct": "いわゆる",
      "answer": "いわゆる"
    }
  },
  {
    "model": "question.data",
    "pk": 64,
    "fields": {
      "period": 100,
      "experiment_number": 3,
      "user": "test1",
      "judge": 0,
      "time": 3,
      "question_number": 4,
      "correct": "しせい",
      "answer": "テスト"
    }
  },
  {
    "model": "question.data",
    "pk": 65,
    "fields": {
      "period": 100,
      "experiment_number": 3,
      "user": "test1",
      "judge": 1,
      "time": 3,
      "question_number": 5,
      "correct": "たちまち",
      "answer": "たちまち"
    }
  },
  {
    "model": "question.data",
    "pk": 66,
    "fields": {
      "period": 100,
      "experiment_number": 3,
      "user": "test1",
      "judge": 1,
      "time": 3,
      "question_number": 6,
      "correct": "あながち",
      "answer": "あながち"
    }
  },
  {
    "model": "question.data",
    "pk": 67,
    "fields": {
      "period": 100,
      "experiment_number": 3,
      "user": "test1",
      "judge": 1,
      "time": 3,
      "question_number": 7,
      "correct": "ところてん",
      "answer": "ところてん"
    }
  },
  {
    "model": "question.data",
    "pk": 68,
    "fields": {
      "period": 100,
      "experiment_number": 3,
      "user": "test1",
      "judge": 1,
      "time": 3,
      "question_number": 8,
      "correct": "ごぼう",
      "answer": "ごぼう"
    }
  },
  {
    "model": "question.data",
    "pk": 69,
    "fields": {
      "period": 100,
      "experiment_number": 3,
      "user": "test1",
      "judge": 1,
      "time": 3,
      "question_number": 9,
      "correct": "うどん",
      "answer": "うどん"
    }
  },
  {
    "model": "question.data",
    "pk": 70,
    "fields": {
      "period": 100,
      "experiment_number": 3,
      "user": "test1",
      "judge": 1,
      "time": 3,
      "question_number": 10,
      "correct": "たこ",
      "answer": "たこ"
    }
  },
  {
    "model": "question.data",
    "pk": 71,
    "fields": {
      "period": 100,
      "experiment_number": 3,
      "user": "test2",
      "judge": 1,
      "time": 3,
      "question_number": 1,
      "correct": "ひっぱく",
      "answer": "ひっぱく"
    }
  },
  {
    "model": "question.data",
    "pk": 72,
    "fields": {
      "period": 100,
      "experiment_number": 3,
      "user": "test2",
      "judge": 1,
      "time": 3,
      "question_number": 2,
      "correct": "げんち",
      "answer": "げんち"
    }
  },
  {
    "model": "question.data",
    "pk": 73,
    "fields": {
      "period": 100,
      "experiment_number": 3,
      "user": "test2",
      "judge": 1,
      "time": 3,
      "question_number": 3,
      "correct": "いわゆる",
      "answer": "いわゆる"
    }
  },
  {
    "model": "question.data",
    "pk": 74,
    "fields": {
      "period": 100,
      "experiment_number": 3,
      "user": "test2",
      "judge": 1,
      "time": 3,
      "question_number": 4,
      "correct": "しせい",
      "answer": "しせい"
    }
  },
  {
    "model": "question.data",
    "pk": 75,
    "fields": {
      "period": 100,
      "experiment_number": 3,
      "user": "test2",
      "judge": 0,
      "time": 3,
      "question_number": 5,
      "correct": "たちまち",
      "answer": "テスト"
    }
  },
  {
    "model": "question.data",
    "pk": 76,
    "fields": {
      "period": 100,
      "experiment_number": 3,
      "user": "test2",
      "judge": 1,
      "time": 3,
      "question_number": 6,
      "correct": "あながち",
      "answer": "あながち"
    }
  },
  {
    "model": "question.data",
    "pk": 77,
    "fields": {
      "period": 100,
      "experiment_number": 3,
      "user": "test2",
      "judge": 1,
      "time": 3,
      "question_number": 7,
      "correct": "ところてん",
      "answer": "ところてん"
    }
  },
  {
    "model": "question.data",
    "pk": 78,
    "fields": {
      "period": 100,
      "experiment_number": 3,
      "user": "test2",
      "judge": 1,
      "time": 3,
      "question_number": 8,
      "correct": "ごぼう",
      "answer": "ごぼう"
    }
  },
  {
    "model": "question.data",
    "pk": 79,
    "fields": {
      "period": 100,
      "experiment_number": 3,
      "user": "test2",
      "judge": 1,
      "time": 3,
      "question_number": 9,
      "correct": "うどん",
      "answer": "うどん"
    }
  },
  {
    "model": "question.data",
    "pk": 80,
    "fields": {
      "period": 100,
      "experiment_number": 3,
      "user": "test2",
      "judge": 0,
      "time": 3,
      "question_number": 10,
      "correct": "たこ",
      "answer": "テスト"
    }
  },
  {
    "model": "question.data",
    "pk": 81,
    "fields": {
      "period": 100,
      "experiment_number": 3,
      "user": "test3",
      "judge": 1,
      "time": 3,
      "question_number": 1,
      "correct": "ひっぱく",
      "answer": "ひっぱく"
    }
  },
  {
    "model": "question.data",
    "pk": 82,
    "fields": {
      "period": 100,
      "experiment_number": 3,
      "user": "test3",
      "judge": 1,
      "time": 3,
      "question_number": 2,
      "correct": "げんち",
      "answer": "げんち"
    }
  },
  {
    "model": "question.data",
    "pk": 83,
    "fields": {
      "period": 100,
      "experiment_number": 3,
      "user": "test3",
      "judge": 1,
      "time": 3,
      "question_number": 3,
      "correct": "いわゆる",
      "answer": "いわゆる"
    }
  },
  {
    "model": "question.data",
    "pk": 84,
    "fields": {
      "period": 100,
      "experiment_number": 3,
      "user": "test3",
      "judge": 0,
      "time": 3,
      "question_number": 4,
      "correct": "しせい",
      "answer": "テスト"
    }
  },
  {
    "model": "question.data",
    "pk": 85,
    "fields": {
      "period": 100,
      "experiment_number": 3,
      "user": "test3",
      "judge": 1,
      "time": 3,
      "question_number": 5,
      "correct": "たちまち",
      "answer": "たちまち"
    }
  },
  {
    "model": "question.data",
    "pk": 86,
    "fields": {
      "period": 100,
      "experiment_number": 3,
      "user": "test3",
      "judge": 1,
      "time": 3,
      "question_number": 6,
      "correct": "あながち",
      "answer": "あながち"
    }
  },
  {
    "model": "question.data",
    "pk": 87,
    "fields": {
      "period": 100,
      "experiment_number": 3,
      "user": "test3",
      "judge": 1,
      "time": 3,
      "question_number": 7,
      "correct": "ところてん",
      "answer": "ところてん"
    }
  },
  {
    "model": "question.data",
    "pk": 88,
    "fields": {
      "period": 100,
      "experiment_number": 3,
      "user": "test3",
      "judge": 1,
      "time": 3,
      "question_number": 8,
      "correct": "ごぼう",
      "answer": "ごぼう"
    }
  },
  {
    "model": "question.data",
    "pk": 89,
    "fields": {
      "period": 100,
      "experiment_number": 3,
      "user": "test3",
      "judge": 1,
      "time": 3,
      "question_number": 9,
      "correct": "うどん",
      "answer": "うどん"
    }
  },
  {
    "model": "question.data",
    "pk": 90,
    "fields": {
      "period": 100,
      "experiment_number": 3,
      "user": "test3",
      "judge": 0,
      "time": 3,
      "question_number": 10,
      "correct": "たこ",
      "answer": "テスト"
    }
  }
]